{
  "f_statistic": 84.1638,
  "p_value": 0.0,
  "significant": true,
  "alpha": 0.05,
  "group_means": {
    "R1_LOGRET": -0.09147579428584625,
    "R2_SHARPE": -1.3669004969996408,
    "R3_FULL": -1.7183042187961595
  },
  "group_stds": {
    "R1_LOGRET": 0.013887761017297188,
    "R2_SHARPE": 0.8806245279385075,
    "R3_FULL": 0.0889712466622006
  },
  "group_ns": {
    "R1_LOGRET": 30,
    "R2_SHARPE": 30,
    "R3_FULL": 30
  },
  "tukey_results": [
    {
      "group1": "R1_LOGRET",
      "group2": "R2_SHARPE",
      "mean_diff": 1.2754,
      "q_statistic": 13.6687,
      "p_value_approx": 0.0,
      "significant": true
    },
    {
      "group1": "R1_LOGRET",
      "group2": "R3_FULL",
      "mean_diff": 1.6268,
      "q_statistic": 17.4347,
      "p_value_approx": 0.0,
      "significant": true
    },
    {
      "group1": "R2_SHARPE",
      "group2": "R3_FULL",
      "mean_diff": 0.3514,
      "q_statistic": 3.766,
      "p_value_approx": 0.009227,
      "significant": true
    }
  ]
}