{
  "f_strategy": 0.2809,
  "p_strategy": 0.757918,
  "sig_strategy": false,
  "eta_sq_partial_strategy": 0.0261,
  "f_regime": 11.4652,
  "p_regime": 0.000431,
  "sig_regime": true,
  "eta_sq_partial_regime": 0.522,
  "f_interaction": 0.2597,
  "p_interaction": 0.900441,
  "sig_interaction": false,
  "eta_sq_partial_interaction": 0.0471,
  "cell_means": {
    "('DRL', 'Bear')": -0.20112276984369393,
    "('DRL', 'Bull')": 0.22534747352203385,
    "('DRL', 'Sideways')": -0.10040122510032984,
    "('EqualWeight', 'Bear')": -0.4386220166163399,
    "('EqualWeight', 'Bull')": 0.3339925288146254,
    "('EqualWeight', 'Sideways')": -0.09043124531442254,
    "('MVO', 'Bear')": -0.40365412622733,
    "('MVO', 'Bull')": 0.35954713243452385,
    "('MVO', 'Sideways')": -0.0369443401217302
  },
  "cell_ns": {
    "('DRL', 'Bear')": 1,
    "('DRL', 'Bull')": 7,
    "('DRL', 'Sideways')": 2,
    "('EqualWeight', 'Bear')": 1,
    "('EqualWeight', 'Bull')": 7,
    "('EqualWeight', 'Sideways')": 2,
    "('MVO', 'Bear')": 1,
    "('MVO', 'Bull')": 7,
    "('MVO', 'Sideways')": 2
  },
  "regime_counts": {
    "Bear": 1,
    "Bull": 7,
    "Sideways": 2
  },
  "regime_means": {
    "Bear": -0.3477996375624546,
    "Bull": 0.30629571159039437,
    "Sideways": -0.07592560351216086
  },
  "strategy_means": {
    "DRL": 0.11755070946098836,
    "EqualWeight": 0.1718463194457193,
    "MVO": 0.20392871205708762
  },
  "alpha": 0.05,
  "metric_used": "fold_cagr",
  "n_obs": 30,
  "anova_table": [
    {
      "source": "C(strategy)",
      "SS": 0.038128,
      "df": 2,
      "MS": 0.019064,
      "F": 0.2809,
      "p": 0.757918
    },
    {
      "source": "C(regime)",
      "SS": 1.556406,
      "df": 2,
      "MS": 0.778203,
      "F": 11.4652,
      "p": 0.000431
    },
    {
      "source": "C(strategy):C(regime)",
      "SS": 0.0705,
      "df": 4,
      "MS": 0.017625,
      "F": 0.2597,
      "p": 0.900441
    },
    {
      "source": "Residual",
      "SS": 1.425374,
      "df": 21,
      "MS": 0.067875,
      "F": NaN,
      "p": NaN
    }
  ]
}