{
  "f_strategy": 0.2539,
  "p_strategy": 0.778142,
  "sig_strategy": false,
  "eta_sq_partial_strategy": 0.0236,
  "f_regime": 11.4052,
  "p_regime": 0.000443,
  "sig_regime": true,
  "eta_sq_partial_regime": 0.5207,
  "f_interaction": 0.2352,
  "p_interaction": 0.915356,
  "sig_interaction": false,
  "eta_sq_partial_interaction": 0.0429,
  "cell_means": {
    "('DRL', 'Bear')": -0.21342003256582553,
    "('DRL', 'Bull')": 0.22958989314847075,
    "('DRL', 'Sideways')": -0.09158980010621737,
    "('EqualWeight', 'Bear')": -0.4386220166163399,
    "('EqualWeight', 'Bull')": 0.3339925288146254,
    "('EqualWeight', 'Sideways')": -0.09043124531442254,
    "('MVO', 'Bear')": -0.40365412622733,
    "('MVO', 'Bull')": 0.35954713243452385,
    "('MVO', 'Sideways')": -0.0369443401217302
  },
  "cell_ns": {
    "('DRL', 'Bear')": 1,
    "('DRL', 'Bull')": 7,
    "('DRL', 'Sideways')": 2,
    "('EqualWeight', 'Bear')": 1,
    "('EqualWeight', 'Bull')": 7,
    "('EqualWeight', 'Sideways')": 2,
    "('MVO', 'Bear')": 1,
    "('MVO', 'Bull')": 7,
    "('MVO', 'Sideways')": 2
  },
  "regime_counts": {
    "Bear": 1,
    "Bull": 7,
    "Sideways": 2
  },
  "regime_means": {
    "Bear": -0.3518987251364985,
    "Bull": 0.3077098514658733,
    "Sideways": -0.0729884618474567
  },
  "strategy_means": {
    "DRL": 0.12105296192610351,
    "EqualWeight": 0.1718463194457193,
    "MVO": 0.20392871205708762
  },
  "alpha": 0.05,
  "metric_used": "fold_cagr",
  "n_obs": 30,
  "anova_table": [
    {
      "source": "C(strategy)",
      "SS": 0.034925,
      "df": 2,
      "MS": 0.017463,
      "F": 0.2539,
      "p": 0.778142
    },
    {
      "source": "C(regime)",
      "SS": 1.569061,
      "df": 2,
      "MS": 0.78453,
      "F": 11.4052,
      "p": 0.000443
    },
    {
      "source": "C(strategy):C(regime)",
      "SS": 0.064714,
      "df": 4,
      "MS": 0.016178,
      "F": 0.2352,
      "p": 0.915356
    },
    {
      "source": "Residual",
      "SS": 1.444528,
      "df": 21,
      "MS": 0.068787,
      "F": NaN,
      "p": NaN
    }
  ]
}