{
  "DRL": [
    0.27248687886933287,
    0.07954095752791801,
    -0.20154478710026558,
    -0.17972421907856284,
    0.3032816578519588,
    0.11334339356106193,
    0.14356151104646475,
    -0.07610864395434025,
    0.28736991009624635,
    0.4364721014008266
  ],
  "MVO": [
    -0.003968836774257967,
    0.15011589013586013,
    -0.40365412622733,
    -0.11036932804784505,
    1.1543320691468022,
    -0.012883870276218401,
    0.3787537924854629,
    0.03648064780438465,
    0.27510296015806035,
    0.5753779221659574
  ],
  "EqualWeight": [
    0.17284319625445166,
    0.15006281405205524,
    -0.4386220166163399,
    -0.09248392014024798,
    0.7042828642527998,
    0.12295117665369748,
    0.2322033960631773,
    -0.0883785704885971,
    0.39719376250656047,
    0.558410491919636
  ]
}