{
  "DRL": [
    0.25846976190148885,
    0.11686075299259513,
    -0.2126357122121948,
    -0.1668771710700493,
    0.3155018492470414,
    0.10673156783273341,
    0.12236509377463478
  ],
  "MVO": [
    -0.0039695493585265584,
    0.15011614468141543,
    -0.40365401543821655,
    -0.11036969188285362,
    1.1543332195022225,
    -0.012883327095351338,
    0.37875375240535214
  ],
  "EqualWeight": [
    0.17284346709808363,
    0.15006266501484555,
    -0.43862208111603185,
    -0.09248387953488058,
    0.7042828802961765,
    0.1229512560066719,
    0.23220333111284197
  ]
}