{
  "DRL": [
    0.27719814706606605,
    0.06798607430621884,
    -0.22452540244488706,
    -0.13837120776440015,
    0.29499308836036375,
    0.09413286338389759,
    0.11332422784173835,
    -0.06281828492916064,
    0.29193070560854806,
    0.45350470154335953
  ],
  "MVO": [
    -0.003968836774257967,
    0.15011589013586013,
    -0.40365412622733,
    -0.11036932804784505,
    1.1543320691468022,
    -0.012883870276218401,
    0.3787537924854629,
    0.03648064780438465,
    0.27510296015806035,
    0.5753779221659574
  ],
  "EqualWeight": [
    0.17284319625445166,
    0.15006281405205524,
    -0.4386220166163399,
    -0.09248392014024798,
    0.7042828642527998,
    0.12295117665369748,
    0.2322033960631773,
    -0.0883785704885971,
    0.39719376250656047,
    0.558410491919636
  ]
}